{"cameraMode":{"drawMode":0,"name":"Shaded","section":"Shading Mode"},"sceneLighting":true,"audioPlay":false,"sceneViewState":{"showFog":true,"showMaterialUpdate":false,"showSkybox":true,"showFlares":true,"showImageEffects":true,"showParticleSystems":true},"in2DMode":false,"pivot":{"x":-4.197790622711182,"y":-2.042104959487915,"z":0.9065941572189331},"rotation":{"x":0.21320492029190064,"y":-0.6468304991722107,"z":0.19543181359767915,"w":0.7057406306266785},"size":12.000405311584473,"orthographic":false}