{"cameraMode":{"drawMode":0,"name":"Shaded","section":"Shading Mode"},"sceneLighting":true,"audioPlay":false,"sceneViewState":{"showFog":true,"showMaterialUpdate":false,"showSkybox":true,"showFlares":true,"showImageEffects":true,"showParticleSystems":true},"in2DMode":false,"pivot":{"x":-0.011038834229111672,"y":10.42652702331543,"z":-4.8566694259643559},"rotation":{"x":-0.43850672245025637,"y":-0.005408667493611574,"z":0.0026652514934539797,"w":-0.8988124132156372},"size":-2.2836523056030275,"orthographic":false}